{
  "best_global_step": null,
  "best_metric": null,
  "best_model_checkpoint": null,
  "epoch": 3.0,
  "eval_steps": 500,
  "global_step": 216,
  "is_hyper_param_search": false,
  "is_local_process_zero": true,
  "is_world_process_zero": true,
  "log_history": [
    {
      "epoch": 0.6944444444444444,
      "grad_norm": 0.5978406071662903,
      "learning_rate": 1.5462962962962966e-05,
      "loss": 4.6167,
      "step": 50
    },
    {
      "epoch": 1.3888888888888888,
      "grad_norm": 0.6637251973152161,
      "learning_rate": 1.0833333333333334e-05,
      "loss": 4.5547,
      "step": 100
    },
    {
      "epoch": 2.0833333333333335,
      "grad_norm": 0.7145738005638123,
      "learning_rate": 6.203703703703704e-06,
      "loss": 4.517,
      "step": 150
    },
    {
      "epoch": 2.7777777777777777,
      "grad_norm": 0.7485874891281128,
      "learning_rate": 1.5740740740740742e-06,
      "loss": 4.4568,
      "step": 200
    }
  ],
  "logging_steps": 50,
  "max_steps": 216,
  "num_input_tokens_seen": 0,
  "num_train_epochs": 3,
  "save_steps": 500,
  "stateful_callbacks": {
    "TrainerControl": {
      "args": {
        "should_epoch_stop": false,
        "should_evaluate": false,
        "should_log": false,
        "should_save": true,
        "should_training_stop": true
      },
      "attributes": {}
    }
  },
  "total_flos": 112484966989824.0,
  "train_batch_size": 4,
  "trial_name": null,
  "trial_params": null
}
